Dato,Antal Aktive minutter,Kalorier (kcal),Distance (m),Hjertepoint,Hjerteminutter,Gennemsnitlig hastighed (m/s),HÃ¸jeste hastighed (m/s),Laveste hastighed (m/s),Antal skridt,Varighed af Gang (ms)
2021-04-18,75,343.47805976867676,6578.275239944458,72.0,72,1.1777295580733593,1.6370906829833984,0.8999649286270142,8929,4457538
2021-04-19,83,374.27003759145737,7184.152760505676,76.0,76,1.3759039797767083,1.556014895439148,0.9992498755455017,9714,4814070
2021-04-20,97,442.19201446324587,8430.268540918827,93.0,93,1.2988073983803208,1.5369441509246826,1.0352789163589478,11456,5735337
2021-04-21,92,420.77873611450195,7638.655426025391,82.0,82,1.2327598939427733,1.5062189102172852,0.8598540425300598,10526,5460719
2021-04-22,77,349.49577510356903,6318.357475280762,71.0,71,1.2287059741056445,1.5232906341552734,0.9240995645523071,8726,4535634
2021-04-23,91,410.6658811569214,7101.402667045593,85.0,85,1.2452777761710512,1.4809727668762207,1.1232212781906128,9959,5329478
2021-04-24,94,437.6742282509804,8158.9681391716,88.0,88,1.1257348082319798,1.5627082586288452,0.8666400909423828,11116,5616334
2021-04-25,68,305.74587708711624,4237.522517681122,19.0,19,1.0240638546230412,1.3981395959854126,0.7516368627548218,6348,3967863
2021-04-26,89,404.1226267814636,7604.70375585556,83.0,83,1.278730065638079,1.5560648441314697,1.1206990480422974,10353,5213200
2021-04-27,152,683.5890443325043,12984.59656906128,143.0,143,1.3573398838057493,1.5388509035110474,1.2306398153305054,17670,8863143
2021-04-28,86,395.4711265563965,7542.7522048950195,82.0,82,1.2902306458475723,1.5551272630691528,0.8619896173477173,10219,5090157
2021-04-29,51,226.34386503696442,4033.0915298461914,44.0,44,1.288153903567972,1.5737206935882568,0.8326894640922546,5591,2925113
2021-04-30,123,569.4083385467529,10708.050300598145,121.0,121,1.3581682956288201,1.5924160480499268,1.0279648303985596,14567,7306560
2021-05-01,140,655.5980278551579,12629.59181022644,138.0,134,1.3755983715018796,1.7053375244140625,0.7635774612426758,16941,8284963
2021-05-02,77,360.57270646095276,7024.966805458069,69.0,69,1.2293633116766804,1.641992211341858,0.7348902225494385,9321,4493385
2021-05-03,96,435.3208224773407,8224.174987792969,92.0,92,1.283758145259279,1.5345706939697266,1.062235951423645,11211,5644734
2021-05-04,27,111.01223659515381,1885.4264373779297,20.0,20,1.306311138119611,1.3857347965240479,1.2340425252914429,2662,1440678
2021-05-05,86,396.5872585773468,7568.032903671265,82.0,82,1.2871686549941412,1.6067184209823608,0.9808302521705627,10218,5055580
2021-05-06,82,377.10053277015686,5777.240368843079,56.0,56,1.2980310955363215,1.418724536895752,0.9137643575668335,8399,4893879
2021-05-07,63,292.82386112213135,4169.096076965332,6.0,6,0.9780764607035628,1.3556616306304932,0.6768689155578613,6191,3800166
2021-05-08,143,680.9026854038239,13441.183871269226,140.0,140,1.3963941332287908,1.645768642425537,0.9184355139732361,17820,8487455
2021-05-09,90,423.09905511140823,8407.639340400696,90.0,90,1.5571552265323456,1.5841279029846191,1.5187982320785522,11218,5399624
2021-05-10,84,379.27911818027496,5621.637798309326,74.0,74,1.1660091910716857,1.3255441188812256,0.9825202226638794,8281,4922152
2021-05-11,86,385.44191229343414,7372.196283340454,79.0,79,1.3296912271890746,1.5805270671844482,1.1198232173919678,10006,4998870
2021-05-12,27,114.32493102550507,1771.1241855621338,19.0,19,1.1948594775102892,1.3329042196273804,1.05652916431427,2573,1483669
2021-05-13,22,94.12659275531769,1226.6741781234741,2.0,2,0.9736068676425602,1.280621886253357,0.7986557483673096,1876,1221542
2021-05-14,130,612.886155962944,10898.304573059082,96.0,96,1.0903464257783937,1.6409111022949219,0.7059087753295898,14875,7713508
2021-05-15,49,222.15085172653198,2824.3265476226807,8.0,8,0.9532996779059274,1.2434663772583008,0.7482125163078308,4330,2882996
2021-05-16,44,188.97442317008972,2525.3503589630127,17.0,17,1.0707499594563963,1.4318571090698242,0.8524428009986877,3816,2452444
2021-05-17,73,328.6062123775482,6224.591285705566,66.0,66,1.3249209058609999,1.566609263420105,1.227186679840088,8444,4213435
2021-05-18,77,344.5570755004883,6487.13151550293,71.0,71,1.3648151755946267,1.5530177354812622,1.2364635467529297,8833,4442482
2021-05-19,31,139.66234171390533,2270.8532791137695,25.0,25,1.2250928056263173,1.4767998456954956,1.017238736152649,3248,1812489
2021-05-20,112,526.3975353240967,10290.606399536133,126.0,104,1.375264715716881,1.9723483324050903,1.2225850820541382,13592,6467881
2021-05-21,22,90.4636778831482,1544.7763137817383,16.0,16,1.3074949486155025,1.5103141069412231,1.1715952157974243,2176,1174006
2021-05-22,81,378.69596207141876,7541.8150935173035,78.0,78,1.370315868289126,1.6659806966781616,1.0843820571899414,10014,4776983
2021-05-23,100,461.38046646118164,9086.108337402344,99.0,99,1.4926224682394984,1.5367918014526367,1.3984298706054688,12205,5954990
2021-05-24,93,439.937863945961,8566.73235321045,92.0,92,1.4001986472167813,1.632869005203247,0.6706271171569824,11473,5574040
2021-05-25,63,293.64627438783646,5773.92183971405,62.0,62,1.2195511979023081,1.609002947807312,0.7828262448310852,7740,3768274
2021-05-26,33,140.34197235107422,2204.486270904541,16.0,16,1.2257923632244327,1.4671565294265747,0.9256256818771362,3186,1821309
2021-05-27,76,351.1049509048462,6082.959801673889,69.0,68,1.1653154369828471,1.700039267539978,0.7453736066818237,8505,4551193
2021-05-28,93,427.896520614624,7956.861511230469,87.0,87,1.3052856954567011,1.5373655557632446,0.7254472374916077,10867,5536187
2021-05-29,142,662.0412865877151,13170.750778198242,139.0,139,1.5079462342652075,1.6103161573410034,1.1275824308395386,17550,8427731
2021-05-30,112,520.7301226854324,10242.63453578949,111.0,111,1.3260276167083023,1.5743733644485474,0.7095386385917664,13752,6705810
2021-05-31,87,393.96758222579956,7350.8462562561035,78.0,78,1.2700393510214771,1.5748203992843628,1.0534954071044922,10006,5045128
2021-06-01,101,455.1979848742485,8518.044952869415,94.0,94,1.3210041390517773,1.5313537120819092,0.9523352384567261,11647,5904753
2021-06-02,30,129.57222139835358,2138.673424720764,23.0,23,1.2188318094540858,1.4827537536621094,0.7262700200080872,3037,1681543
2021-06-03,101,452.5184803009033,8272.496881484985,92.0,92,1.263398784955485,1.5493813753128052,0.7183467745780945,11366,5839134
2021-06-04,102,479.8097468316555,9532.794481277466,101.0,101,1.154663259788547,1.6042624711990356,0.6500735878944397,12709,6112806
2021-06-05,117,541.0428900718689,9545.712852478027,87.0,87,1.0329811481981366,1.5976454019546509,0.7242971062660217,13066,6896030
2021-06-06,73,328.5751974582672,4983.058372497559,47.0,47,1.006627094342744,1.4277188777923584,0.7199692130088806,7250,4264134
2021-06-07,93,417.15610551834106,6231.678726196289,53.0,53,1.1526798232891429,1.463597297668457,0.6522369980812073,8911,5413706
2021-06-08,86,397.50775718688965,7447.290176391602,81.0,81,1.3042917381915289,1.599904179573059,1.1345490217208862,10146,5116481
2021-06-09,74,336.3234248161316,6066.893966674805,68.0,68,1.3044958265869315,1.529600977897644,1.2075424194335938,8393,4361486
2021-06-10,135,618.494093298912,11952.637981414795,127.0,127,1.3213053295670174,1.6203551292419434,1.149137258529663,16056,7860779
2021-06-11,33,141.63860595226288,2186.797417163849,22.0,21,1.2081429732183537,1.7873889207839966,0.7115591764450073,3154,1824055
2021-06-12,170,783.4574151039124,13879.48042678833,158.0,158,1.188518853095111,1.5776623487472534,0.6668700575828552,19253,10093419
2021-06-13,99,454.24664068222046,7420.850315093994,80.0,80,0.9979990475411665,1.4488829374313354,0.7811805605888367,10570,5895054
2021-06-14,88,396.7859892845154,7284.04903793335,82.0,82,1.2832358545734843,1.4985558986663818,1.1493277549743652,10023,5149350
2021-06-15,59,262.77430391311646,4790.320163726807,51.0,51,1.2183712864847935,1.5690170526504517,0.723431408405304,6589,3397879
2021-06-16,93,432.6388692855835,8303.56706237793,90.0,90,1.32417557533209,1.5696089267730713,1.2330210208892822,11205,5532856
2021-06-17,129,598.409626185894,11226.267992019653,127.0,127,1.1314422319787154,1.514473795890808,0.7640426158905029,15333,7765951
2021-06-18,100,444.8499159812927,8395.651672363281,92.0,92,1.422643544108291,1.5261340141296387,1.3171229362487793,11455,5772906
2021-06-19,114,534.6542892456055,9534.295755386353,119.0,99,1.4550092055726904,2.625025987625122,1.0184543132781982,13016,6702364
2021-06-20,79,356.5604353547096,6668.707571983337,75.0,75,1.1798139289722147,1.51766836643219,0.8619357943534851,9116,4626769
2021-06-21,37,162.5691111087799,2491.3316011428833,23.0,23,1.176974010747852,1.3898714780807495,0.7862248420715332,3619,2109765
2021-06-22,89,408.16078066825867,6209.621837615967,49.0,49,0.9736026389051643,1.4664767980575562,0.7741183638572693,8972,5296968
2021-06-23,210,958.0221300125122,17615.997173309326,189.0,189,1.162452257774253,1.5115872621536255,0.843507707118988,24191,12432876
2021-06-24,26,117.7352557182312,1938.725357055664,23.0,23,1.2706756868258662,1.3526538610458374,0.9910484552383423,2763,1527927
2021-06-25,136,600.2385485172272,11230.961848258972,124.0,124,1.3423419126278509,1.5158131122589111,1.1946442127227783,15362,7789686
2021-06-26,137,633.5415685772896,12017.46621131897,132.0,132,1.257251334882358,1.6013069152832031,0.7379007339477539,16295,8137914
2021-06-27,77,351.12843132019043,6771.584922790527,69.0,69,1.3599929052731305,1.579174518585205,0.8359218239784241,9155,4556822
2021-06-28,91,416.88891929388046,8156.692361831665,89.0,89,1.5054849799791514,1.548022747039795,1.4363317489624023,11000,5410239
2021-06-29,28,111.79103636741638,1875.6050567626953,19.0,19,1.2541692682787975,1.4395642280578613,0.7586985230445862,2655,1450785
2021-06-30,21,95.59288167953491,1585.5554733276367,18.0,18,1.2709803218492004,1.3639847040176392,1.1543521881103516,2255,1240571
2021-07-01,122,546.0137998461723,10195.255696296692,113.0,113,1.2838610033647138,1.589955449104309,0.7814766764640808,13945,7085976
2021-07-02,46,213.05782616138458,2474.8467893600464,1.0,1,0.9033974210264039,1.3714631795883179,0.6202978491783142,3890,2764990
2021-07-03,137,626.5517100095749,9626.837356686592,53.0,53,0.9241392912189283,1.553473711013794,0.660625696182251,13901,8131169
2021-07-04,82,378.25700283050537,5555.102430343628,40.0,40,1.0273777597099778,1.3830784559249878,0.7179997563362122,8153,4908887
2021-07-05,127,569.9320724010468,9711.593095302582,116.0,116,1.2962585622459313,1.5445868968963623,1.1319379806518555,13691,7396379
2021-07-06,86,390.03616762161255,7331.446556091309,82.0,82,1.3254578956656002,1.5408803224563599,0.7129395008087158,10006,5061753
2021-07-07,85,372.8281978368759,7011.537038803101,89.0,76,1.287864939008483,1.6521878242492676,0.9169349670410156,9568,4838434
2021-07-08,57,254.25350165367126,4456.798236846924,51.0,51,1.2663634651900966,1.4980872869491577,1.1328744888305664,6224,3299613
2021-07-09,98,438.29813385009766,7452.646279335022,85.0,85,1.201671767033995,1.4108039140701294,0.9234920144081116,10505,5688080
2021-07-10,60,265.44758719205856,3676.6965770721436,29.0,29,0.9532084133389948,1.3966364860534668,0.7460757493972778,5478,3444886
2021-07-11,120,535.5199062824249,6746.398220062256,1.0,1,0.9753796998673425,1.1551681756973267,0.8140171766281128,10436,6949790
2021-07-12,155,715.5841770172119,9393.18348789215,46.0,46,0.9832199618902722,1.3458759784698486,0.7058064341545105,14269,9286601
2021-07-13,161,724.0204849243164,10004.367546081543,46.0,46,0.9807693874958107,1.3464375734329224,0.7700339555740356,14989,9396085
2021-07-14,111,503.0601043701172,7283.329990386963,37.0,37,0.9977738956493818,1.4492055177688599,0.7753197550773621,10753,6528538
2021-07-15,120,545.6426947116852,7056.052627563477,1.0,1,0.9835127197146923,1.2942185401916504,0.8470914363861084,10829,7081160
2021-07-16,122,552.9176630973816,8136.072177886963,45.0,45,1.0590972814638968,1.3700979948043823,0.8923118114471436,11976,7175572
2021-07-17,106,471.8773217201233,7111.83779335022,36.0,36,1.0713124133614431,1.4864166975021362,0.8698732852935791,10375,6123859
2021-07-18,90,403.5395483970642,7244.845582485199,72.0,72,1.1290289805889597,1.5138683319091797,0.8450731039047241,10013,5236995
2021-07-19,103,470.82953691482544,8725.542533874512,100.0,100,1.2999163765049995,1.4988855123519897,0.7186620235443115,11964,6110261
2021-07-20,29,132.6536636352539,2449.733501434326,28.0,28,1.1223556697368622,1.4381248950958252,0.8065864443778992,3363,1721533
2021-07-21,84,386.2656841278076,7409.5675048828125,82.0,82,1.4514910541386634,1.5068354606628418,1.134478211402893,10054,5012821
2021-07-22,80,370.70640563964844,7532.726867675781,134.0,80,1.5389885066999258,1.6875907182693481,1.2633596658706665,10011,4810898
2021-07-23,87,397.3986836671829,8115.435753822327,101.0,85,1.606910538019154,1.7792599201202393,1.432100534439087,10783,5157301
2021-07-24,153,706.6938685774803,12976.463859558105,144.0,144,1.3776396909937487,1.4917726516723633,0.7261862754821777,17800,9171226
2021-07-25,78,356.88858222961426,6688.5462646484375,76.0,76,1.456057559126085,1.6330327987670898,1.385177493095398,9147,4631575
2021-07-26,61,277.73129653930664,5731.9547119140625,69.0,59,1.693159282207489,1.8495264053344727,1.5367921590805054,7589,3604300
2021-07-27,100,461.96661901474,8739.210983276367,99.0,99,1.355668899405419,1.4842796325683594,0.6865789294242859,11905,5995241
2021-07-28,80,368.3932715654373,7189.266063213348,79.0,79,1.5053170323371885,1.5141072273254395,1.496526837348938,9704,4780879
2021-07-29,79,360.63584899902344,6978.3228759765625,77.0,77,1.49329801828302,1.5043421983718872,1.4763495922088623,9446,4680206
2021-07-30,79,366.2146780490875,6704.961336135864,78.0,78,1.1258115276651384,1.438693642616272,0.6853693723678589,9237,4752606
2021-07-31,71,326.8060853481293,6018.923972606659,69.0,69,1.1434241085189036,1.4347341060638428,0.855209469795227,8277,4241175
2021-08-01,259,1172.6964721679688,19516.400341033936,242.0,242,1.1776511700041503,1.4180208444595337,0.8097283840179443,27720,15218845
2021-08-02,90,420.0262503027916,7456.9462995529175,90.0,90,1.065990149868945,1.3970580101013184,0.6421478986740112,10375,5450954
2021-08-03,13,56.497742891311646,777.765790939331,7.0,7,0.8948753832168974,1.2815380096435547,0.7025432586669922,1141,733208
2021-08-04,48,216.64554005861282,3249.8849577903748,30.0,30,1.1240490307208435,1.3284485340118408,0.708736777305603,4755,2811550
2021-08-05,97,444.91297113895416,8105.963634490967,92.0,92,1.1640797386123276,1.4477473497390747,0.8625034093856812,11180,5773925
2021-08-06,44,192.1726951301098,2668.224169254303,11.0,11,1.0551252865024534,1.3883923292160034,0.8397005796432495,3987,2493950
2021-08-07,47,203.00369954109192,2784.3109703063965,13.0,13,1.0028595350524179,1.3309297561645508,0.807161271572113,4207,2634511
2021-08-08,65,292.32364678382874,4711.405849456787,33.0,22,1.1188543246308909,2.2799575328826904,0.8384550213813782,6628,3793674
2021-08-09,230,1043.6322036385536,17660.211292266846,218.0,189,1.251904026385876,1.6754399538040161,0.9493082165718079,24894,13543894
2021-08-10,272,1246.3164725899696,20141.072161197662,244.0,244,1.1176780238020536,1.509225606918335,0.8711271286010742,28862,16174259
2021-08-11,158,716.734847009182,12557.97056722641,132.0,132,1.2083326135149335,1.5705822706222534,0.8653236627578735,17506,9301534
2021-08-12,219,994.940881729126,15546.124160766602,165.0,165,1.1260091844927385,1.3716391324996948,0.7749642133712769,22485,12911995
2021-08-13,224,1024.162592113018,16912.568365097046,200.0,200,1.2108167630420619,1.5598325729370117,1.028032660484314,24074,13291224
2021-08-14,169,764.7859373092651,12273.096920490265,126.0,126,1.1454532105368063,1.408312439918518,0.9230925440788269,17608,9925124
2021-08-15,249,1050.0796929299831,18246.58311843872,226.0,217,1.2162937771161118,1.736853837966919,0.8993056416511536,26143,13627567
2021-08-16,75,344.45882791280746,4825.1366357803345,49.0,49,0.9478821592374843,1.3131028413772583,0.6982712149620056,7182,4470266
2021-08-17,74,334.199785977602,5938.358551025391,65.0,65,1.19758955989561,1.5334374904632568,0.7926458120346069,8243,4337128
2021-08-18,66,285.39643412828445,4448.366196632385,31.0,31,1.2122359852624223,1.3467463254928589,1.1077029705047607,6449,3703775
2021-08-19,79,352.23688554763794,6466.873992919922,71.0,71,1.3338217634542255,1.5009442567825317,1.2396278381347656,8899,4571207
2021-08-20,43,190.2195673584938,3288.073324203491,38.0,38,1.2475990312961884,1.4074156284332275,0.9534094929695129,4614,2468603
2021-08-21,64,284.2400574684143,3795.6049842834473,17.0,17,0.9391519711448629,1.3825801610946655,0.8189362287521362,5725,3688768
2021-08-22,100,447.19861567020416,7740.707901000977,81.0,81,1.14966927226803,1.5635713338851929,0.91266268491745,10819,5803587
2021-08-23,89,407.4735517501831,7858.402153015137,87.0,87,1.4652572274208069,1.5429316759109497,1.387582778930664,10644,5288049
2021-08-24,32,140.97983646392822,2045.7108917236328,20.0,20,1.0166944515569105,1.4825187921524048,0.6644237041473389,2955,1829587
2021-08-25,94,435.9896409511566,7998.401473999023,93.0,93,1.2436024036950628,1.4973682165145874,0.8698086738586426,11014,5658121
2021-08-26,90,413.6886124610901,8056.669213294983,88.0,88,1.151946252587571,1.5509275197982788,0.6594652533531189,10874,5368706
2021-08-27,35,153.95676177740097,2527.2376222610474,22.0,22,1.262637257044282,1.4258098602294922,1.096596360206604,3602,1997997
2021-08-28,177,808.0083906650543,16016.426759719849,227.0,172,1.373568143176255,1.9085403680801392,0.8209889531135559,21415,10486050
2021-08-29,105,483.0557174682617,8791.499755859375,104.0,104,1.4122257366335098,1.4705003499984741,1.3586256504058838,12140,6268928
2021-08-30,97,440.5603241920471,7917.752990722656,88.0,88,1.2122272410819606,1.4896368980407715,1.0452449321746826,10965,5717438
2021-08-31,29,124.99682092666626,1856.6368217468262,16.0,16,1.1979027481668212,1.3827216625213623,0.866016685962677,2724,1622165
2021-09-01,173,787.9333109855652,14430.559761047363,156.0,156,1.2776529257077627,1.5516626834869385,0.9281949996948242,19856,10225523
2021-09-02,109,494.73069727420807,8688.855348110199,103.0,103,1.20156325602712,1.4553240537643433,1.0340157747268677,12122,6420442
2021-09-03,115,520.5378898382187,8408.555730342865,107.0,107,1.2002424308948476,1.3385871648788452,0.9068160057067871,12054,6755359
2021-09-04,131,599.6947638988495,10300.61770439148,122.0,122,1.0628056786419113,1.434008002281189,0.7422105073928833,14463,7782629
2021-09-05,103,475.4299003481865,8471.816523551941,93.0,93,1.237009441838714,1.614448070526123,0.6604111790657043,11651,6169963
2021-09-06,85,389.5781401991844,7402.009748458862,86.0,82,1.291075875709203,1.6512813568115234,0.66988605260849,10073,5055809
2021-09-07,89,405.4541360735893,7660.865807533264,113.0,75,1.2295476876155487,1.7926602363586426,0.6819067001342773,10286,5261842
2021-09-08,101,461.4698347747326,8428.703084945679,92.0,92,1.1592955557297997,1.5292752981185913,0.6384808421134949,11548,5988794
2021-09-09,107,485.6477117538452,8644.85708618164,97.0,97,1.2866461479181082,1.5213630199432373,1.1155602931976318,12012,6302566
2021-09-10,105,474.9187103509903,7462.663646697998,68.0,68,1.0888202586560802,1.3981611728668213,0.7969270944595337,10732,6163329
2021-09-11,87,394.6700668334961,5312.660140991211,13.0,13,1.0036278573786142,1.2499717473983765,0.8279113173484802,8042,5121890
2021-09-12,57,255.2584566473961,3525.5245327949524,23.0,23,0.954278517783084,1.3076093196868896,0.730823278427124,5277,3312655
2021-09-13,69,315.5115966796875,6562.0875244140625,93.0,66,1.3759804047673991,1.9330103397369385,1.2669891119003296,8636,4094599
2021-09-14,92,424.65945053100586,7831.712097167969,92.0,92,1.4170934176545842,1.473742127418518,1.383383870124817,10768,5511082
2021-09-15,21,98.65191996097565,1518.678448677063,21.0,21,0.9496730864048004,1.1926213502883911,0.7067248225212097,2210,1280270
2021-09-16,46,205.29741513729095,3119.8643836975098,36.0,36,1.1426112942267623,1.4866880178451538,0.8828526139259338,4559,2664278
2021-09-17,37,161.72303104400635,2614.617576599121,30.0,30,1.2502079051795283,1.3291375637054443,1.1959737539291382,3750,2098785
2021-09-18,95,435.59564328193665,8115.007093906403,94.0,94,1.4296604593732856,1.4649969339370728,1.3558629751205444,11121,5653008
2021-09-19,91,423.3305678665638,8210.435466766357,122.0,90,1.1878635801520292,1.7856378555297852,0.7958317995071411,11067,5493836
2021-09-20,52,239.4070525765419,4138.935576915741,51.0,51,1.162586088886262,1.4309818744659424,0.7663097381591797,5806,3106941
2021-09-21,50,227.49025738239288,3099.399398803711,,,0.9774782632574929,1.1090338230133057,0.7494281530380249,4679,2952289
2021-09-22,131,595.6051065921783,11049.210580825806,124.0,124,1.3325507976735131,1.4905050992965698,0.7158682942390442,15145,7729555
2021-09-23,114,525.2588064670563,9337.548580169678,110.0,110,1.2680435797792737,1.586804747581482,0.9116277694702148,12984,6816625
2021-09-24,97,448.2961792945862,7827.015312194824,93.0,93,1.2435615682412473,1.407774806022644,0.8815605044364929,10946,5817831
2021-09-25,139,634.318334877491,12163.46142578125,135.0,135,1.485361340121395,1.532970905303955,1.3698722124099731,16510,8231962
2021-09-26,92,420.80682480335236,7610.62891960144,89.0,89,1.0604188695257633,1.4296680688858032,0.6158965826034546,10527,5461084
2021-09-27,118,536.2319803237915,10455.77961730957,113.0,113,1.4547306852480517,1.5657578706741333,1.2405856847763062,14110,6959031
2021-09-28,117,536.1025673151016,9531.386144638062,108.0,108,1.1677199236692042,1.473233699798584,0.6534476280212402,13219,6957352
2021-09-29,94,430.0770082473755,8288.423309326172,92.0,92,1.4252016532926135,1.5683479309082031,1.3192081451416016,11231,5581389
2021-09-30,23,106.5983335673809,1796.0999546051025,21.0,21,1.2668904134957093,1.3911601305007935,1.1667532920837402,2541,1383396
2021-10-01,107,475.82250237464905,6984.293626785278,52.0,52,1.1765009185166573,1.6379302740097046,0.8176789879798889,10225,6175058
2021-10-02,114,513.6620960235596,6949.380983352661,29.0,23,1.0477357153329583,2.4060301780700684,0.761325478553772,10321,6666127
2021-10-03,72,313.53742730617523,3709.7113633155823,,,0.909754801457998,1.0947812795639038,0.6989809274673462,5803,4068979
2021-10-04,87,398.72733813524246,7374.607850074768,80.0,80,1.1825228161558319,1.4951963424682617,0.7639960646629333,10102,5174544
2021-10-05,88,400.192111492157,7474.633270263672,84.0,84,1.3450729982819067,1.4956638813018799,0.9090304970741272,10229,5193553
2021-10-06,168,770.5987439155579,14767.322249412537,163.0,163,1.199961158044062,1.547460675239563,0.7058913707733154,20030,10000561
2021-10-07,91,412.60018491744995,7762.65710067749,117.0,88,1.29238167646965,2.0513193607330322,0.7574167847633362,10540,5354581
2021-10-08,106,469.1347025632858,8511.58966255188,96.0,96,1.229902356466727,1.5141881704330444,0.7706641554832458,11749,6088266
2021-10-09,96,440.66151428222656,8740.679473876953,95.0,95,1.507882951764162,1.6031215190887451,1.410251498222351,11732,5718751
2021-10-10,154,700.5557951927185,13340.565594673157,149.0,149,1.3804718839123398,1.5511455535888672,0.8631495237350464,18142,9091568
2021-10-11,91,416.4138250350952,7343.985733032227,86.0,86,1.250987315573904,1.440677523612976,0.9842256903648376,10238,5404073
2021-10-12,26,109.32070964574814,1829.4707412719727,21.0,21,1.2828941144581285,1.6127773523330688,0.777302622795105,2592,1418726
2021-10-13,131,430.4217450618744,11581.697043418884,135.0,127,1.179491755699506,1.7243857383728027,0.7047748565673828,15697,5585863
2021-10-14,61,272.5585136413574,4625.906627655029,49.0,49,1.1514496225946858,1.5961284637451172,0.7165205478668213,6473,3537169
2021-10-15,153,699.6690998077393,12419.221138000488,126.0,126,1.330161781173356,1.5105146169662476,0.8807950615882874,17245,9080061
2021-10-16,99,452.227152466774,7286.564091682434,66.0,66,0.9375752731186646,1.4341825246810913,0.7121638059616089,10347,5868846
2021-10-17,124,563.8398356437683,10661.07230758667,113.0,113,1.0315224196771664,1.588752031326294,0.7850912809371948,14504,7317316
2021-10-18,117,529.8972260951996,10513.525039672852,111.0,111,1.3068912935503292,1.5764883756637573,0.7455520033836365,14102,6876821
2021-10-19,92,419.92453849315643,7126.699359893799,77.0,77,1.1668271772803505,1.4598870277404785,0.7125539779663086,10043,5449634
2021-10-20,32,146.7418919801712,1999.5637950897217,9.0,9,0.9784091698164064,1.3677524328231812,0.718244731426239,2990,1904365
2021-10-21,125,567.25954413414,7429.110427856445,24.0,24,0.9704725032874284,1.262756586074829,0.6665267944335938,11305,7361696
2021-10-22,98,447.31811302900314,7334.137860298157,67.0,66,1.0528465950972994,1.7102196216583252,0.745607316493988,10396,5805138
2021-10-23,201,919.3023767471313,16306.812421798706,181.0,181,1.1941400691734816,1.5115768909454346,0.6480827331542969,22540,11930385
2021-10-24,116,524.3772859573364,9176.950092315674,92.0,92,1.2237349756441653,1.5908238887786865,0.7067341804504395,12695,6805185
2021-10-25,117,534.4588494300842,10120.107552528381,114.0,114,0.9740182980270969,1.5517425537109375,0.6896578073501587,13770,6936020
2021-10-26,139,630.2699298858643,11243.132415771484,115.0,115,1.2295495828521923,1.4950696229934692,0.9614087343215942,15592,8179423
2021-10-27,91,417.7338604927063,7186.057447433472,67.0,67,0.955478049063425,1.5946155786514282,0.6691322326660156,9877,5421204
2021-10-28,84,394.8589515686035,7518.7181396484375,84.0,84,1.4803726407975517,1.4994250535964966,1.4486095905303955,10179,5045114
2021-10-29,153,702.4182614088058,12558.259868144989,132.0,132,0.9851737410319249,1.5413867235183716,0.6106694340705872,17356,9115739
2021-10-30,169,772.1947032213211,13530.542004108429,155.0,155,1.1136357967058044,1.4842932224273682,0.7598372101783752,18841,10021273
2021-10-31,100,451.6978710889816,9121.861711502075,93.0,93,1.3632525612430937,1.6364833116531372,1.0770957469940186,12157,5861977
2021-11-01,87,392.555029630661,7658.561169624329,92.0,83,1.2359799929271644,1.7129437923431396,0.7315766215324402,10326,5094442
2021-11-02,90,403.287406206131,6479.494581222534,70.0,70,1.0243665170554623,1.3802074193954468,0.6583239436149597,9192,5233723
2021-11-03,93,430.4008820652962,8036.340882778168,91.0,91,1.1107346997821435,1.5275357961654663,0.7756074666976929,10988,5585592
2021-11-04,101,456.38599640130997,8138.545480728149,88.0,88,1.2668434682755676,1.5066580772399902,0.9275765419006348,11297,5922818
2021-11-05,97,439.3806264400482,7780.4286823272705,83.0,83,1.2790324202981933,1.5054833889007568,0.7581181526184082,10798,5702128
2021-11-06,147,673.9826439619064,11371.943170070648,136.0,136,1.144542564229517,1.3613637685775757,0.696395754814148,16076,8746711
2021-11-07,96,431.5851482152939,7057.040614128113,76.0,76,0.9827258539146959,1.499262809753418,0.7259520292282104,10040,5600961
2021-11-08,95,433.8996161222458,8742.827838420868,93.0,93,1.5623173730629798,1.5897098779678345,1.4604263305664062,11674,5630997
2021-11-09,194,884.9345502853394,16307.708801269531,170.0,170,1.324247387024077,1.5617989301681519,0.7840791940689087,22378,11484371
2021-11-10,117,532.9702303409576,9582.670301437378,113.0,113,1.330938301399797,1.460051417350769,0.7920676469802856,13274,6916701
2021-11-11,19,85.27752715349197,1435.2656784057617,17.0,17,1.233105009232481,1.4436304569244385,0.7623718976974487,2026,1106702
2021-11-12,89,407.20455771684647,7858.822763442993,87.0,87,1.48561559401468,1.494457721710205,1.4722900390625,10647,5284558
2021-11-13,102,471.8909724652767,9095.736456394196,102.0,102,1.477830406542331,1.5673590898513794,1.3196827173233032,12322,6124036
2021-11-14,118,540.3397505283356,10344.084702968597,116.0,116,1.484196743590302,1.5335055589675903,1.4114880561828613,14050,7012340
2021-11-15,92,425.0635268688202,7927.404067993164,89.0,89,1.2248518115935196,1.4637356996536255,0.8562812209129333,10854,5516326
2021-11-16,107,488.77453994750977,9338.258895874023,101.0,101,1.3125844278788101,1.5320879220962524,0.763337254524231,12682,6343145
2021-11-17,88,405.6477076411247,7642.942208766937,87.0,87,1.311347018111297,1.4634687900543213,0.6967469453811646,10432,5264354
2021-11-18,22,99.26219034194946,1792.2451782226562,20.0,20,1.3255923415735127,1.4901121854782104,1.215882658958435,2480,1288190
2021-11-19,114,443.4096277952194,9993.253237724304,112.0,112,1.3027010364443712,1.5911998748779297,0.7184592485427856,13597,5754415
2021-11-20,105,480.0621654391289,9375.36172246933,88.0,88,1.3189069388785217,1.6376352310180664,0.9208399653434753,12623,6230079
2021-11-21,152,710.6170027405024,12533.603102326393,132.0,132,1.064612977457907,1.4914458990097046,0.7123302221298218,17392,9222139
2021-11-22,92,424.6444470882416,8425.824256420135,90.0,90,1.2322627292002766,1.6101844310760498,0.7164454460144043,11304,5510887
2021-11-23,90,404.1544437408447,7433.347274780273,84.0,84,1.337066822349985,1.5757979154586792,1.1738969087600708,10219,5244975
2021-11-24,94,420.0774898529053,7840.494445800781,87.0,87,1.31937572755356,1.5800217390060425,0.9436988830566406,10731,5451619
2021-11-25,58,247.98780393600464,4001.4997272491455,48.0,48,1.2447904223581279,1.4860621690750122,0.9398518800735474,5739,3218299
2021-11-26,96,431.13153767585754,8532.32663345337,90.0,90,1.4045608343483924,1.5992051362991333,0.7873966693878174,11451,5595074
2021-11-27,127,583.1038693487644,10930.831326007843,116.0,113,1.3159199556766146,1.7913792133331299,0.6823299527168274,14912,7567318
2021-11-28,75,343.76771277189255,6482.853155136108,84.0,54,1.3069099037137268,1.964211106300354,1.016701102256775,8760,4461297
2021-11-29,94,437.59147346019745,8055.58827829361,80.0,80,1.2054360776020687,1.527260184288025,0.7548261880874634,11023,5678909
2021-11-30,81,364.96061408519745,8289.524543762207,126.0,69,1.2563043187276677,1.9974644184112549,0.8348210453987122,10532,4736331
2021-12-01,51,236.3616600036621,3336.4459342956543,31.0,31,1.0038511895567805,1.3727189302444458,0.6734660267829895,4861,3067419
2021-12-02,106,484.9254585057497,9689.223123073578,143.0,92,1.1775947944569611,1.7092560529708862,0.6991845369338989,12930,6293193
2021-12-03,97,435.19226455688477,7137.591255187988,57.0,57,1.2019035181725566,1.6189111471176147,0.8203107714653015,10099,5647773
2021-12-04,136,617.9654546380043,10977.013926506042,106.0,106,1.1071098816152332,1.5611047744750977,0.7252529859542847,15193,8019740
2021-12-05,79,358.70815229415894,6364.0476150512695,66.0,34,1.077642024100406,1.9760774374008179,0.8506875038146973,8656,4655189
2021-12-06,129,588.5241889953613,11028.739868164062,126.0,126,1.4098845555920907,1.5899561643600464,1.1790739297866821,15078,7637661
2021-12-07,90,403.61990761756897,7710.39453125,95.0,69,1.0580499091923683,2.0072548389434814,0.4265308082103729,10141,5238038
2021-12-08,42,192.67832815647125,2399.908995628357,9.0,9,1.0096186221504129,1.1854262351989746,0.7020648717880249,3705,2500512
2021-12-09,89,398.76620039343834,7609.546669006348,105.0,63,1.1921028487085206,1.710411548614502,0.684882640838623,10288,5175048
2021-12-10,108,498.85919761657715,9160.372589111328,104.0,104,1.2077882708263965,1.509448528289795,0.7217432856559753,12576,6474020
2021-12-11,122,447.8227958679199,10971.1376953125,119.0,119,1.5153501102108524,1.5234116315841675,1.5106874704360962,14772,5729112
2021-12-12,95,436.14542520046234,8000.48477935791,72.0,72,1.1514979828108425,1.6149979829788208,0.7713007926940918,10942,5660143
2021-12-13,131,598.8797588348389,10023.65219116211,89.0,89,1.229897896933245,1.519556999206543,0.881272554397583,14118,7772052
2021-12-14,134,604.6032218933105,10768.242385864258,144.0,120,1.206586859843427,1.9806830883026123,0.8837245106697083,14859,7846329
2021-12-15,106,486.18175637722015,8352.34359884262,80.0,80,1.2749238597541457,1.5020017623901367,1.0665807723999023,11720,6309497
2021-12-16,111,501.069987654686,7332.972206115723,48.0,48,1.1934540221079217,1.318354845046997,0.7485446929931641,10811,6502711
2021-12-17,98,446.9537253379822,6752.046607971191,72.0,72,1.2206738720087895,1.3775358200073242,0.864952564239502,9855,5800409
2021-12-18,108,495.1589080095291,8622.947648525238,98.0,98,1.1775334988026183,1.4957410097122192,0.7932767271995544,12063,6425999
2021-12-19,96,422.38270592689514,6958.999858856201,75.0,75,1.0844292241819617,1.5342981815338135,0.7253679037094116,9882,5481535
2021-12-20,112,510.5614652633667,9455.811034202576,109.0,109,1.373616999395746,1.5297075510025024,1.125938892364502,12961,6625888
2021-12-21,56,259.63227665424347,5926.364243507385,85.0,51,1.3036466769905033,2.1240615844726562,0.7892335653305054,7498,3369417
2021-12-22,117,535.6393216848373,10304.161521911621,106.0,106,1.2440818855386568,1.5458365678787231,0.78802490234375,13955,6951340
2021-12-23,30,131.90330719947815,1749.0460329055786,2.0,2,1.006778496622795,1.2425286769866943,0.8510250449180603,2660,1711795
2021-12-24,49,215.2751756310463,2442.065496444702,,,0.8563387916110146,1.0820512771606445,0.6988106369972229,3831,2793766
2021-12-25,55,246.3707127571106,4967.64239692688,55.0,35,0.9369031806398732,2.2823734283447266,0.7799737453460693,6453,3197313
2021-12-26,29,134.09569549560547,1584.302900314331,,,0.8988825048754682,1.0428942441940308,0.7781230211257935,2490,1740247
2021-12-27,76,344.7884625196457,6199.081063270569,60.0,60,0.9233365112364732,1.6120058298110962,0.7288765907287598,8526,4474544
2021-12-28,72,321.5385511517525,3952.580014228821,,,0.9147905623779998,1.0081287622451782,0.80572509765625,6153,4172815
2021-12-29,124,571.8799397349358,10402.06259727478,88.0,88,1.1083735168496862,1.6020283699035645,0.8016281127929688,14240,7421658
2021-12-30,47,203.11126232147217,2598.863250732422,12.0,12,0.9556020522436928,1.135871410369873,0.8374662399291992,3982,2635907
2021-12-31,105,470.8357068300247,5421.142023086548,,,0.8946392408787001,1.0305687189102173,0.804942786693573,8557,6110341
2022-01-01,49,219.30525594949722,2997.228651046753,23.0,23,0.9203612849448104,1.1912858486175537,0.6151180863380432,4501,2846067
2022-01-02,49,220.98800420761108,2672.4966583251953,,,0.9227494965865349,1.0544945001602173,0.8467708826065063,4175,2867905
2022-01-03,51,231.6482710838318,3394.128770828247,41.0,41,1.0680544526388516,1.3105032444000244,0.746469259262085,4972,3006250
2022-01-04,138,628.9213333129883,12818.908142089844,225.0,122,1.1386054547797033,1.6774905920028687,1.023133397102356,17008,8161921
2022-01-05,119,548.2685203552246,9925.662353515625,92.0,92,1.4271662235974152,1.6188349723815918,1.0929712057113647,13700,7115237
2022-01-06,94,432.31463515758514,9350.997467041016,124.0,84,1.077068368022141,2.0239903926849365,0.9502698183059692,12107,5610428
2022-01-07,137,625.3567941784859,12204.891489982605,132.0,132,1.1961517103164987,1.5377331972122192,0.7610393166542053,16468,8115662
2022-01-08,91,413.52769589424133,7353.952666282654,88.0,88,1.3342760969111211,1.4722161293029785,1.222699761390686,10222,5366618
2022-01-09,74,338.5726013183594,7878.145355224609,141.0,73,1.7417389972688866,1.877588152885437,1.3768151998519897,10015,4393877
2022-01-10,157,719.7716104984283,13461.361511230469,136.0,136,1.1289572501346334,1.5166319608688354,0.6515235304832458,18375,9340944
2022-01-11,134,612.0985751152039,12050.307433605194,170.0,127,1.2945011535815716,1.9031100273132324,0.8347986936569214,16129,7943601
2022-01-12,104,475.4971923828125,8694.009307861328,85.0,85,1.3268273267128163,1.5320345163345337,0.9929811358451843,11951,6170836
2022-01-13,105,482.63767421245575,8473.239388465881,86.0,86,1.1703210635420336,1.5050617456436157,0.8796572685241699,11786,6263503
2022-01-14,113,521.5418099164963,8037.066798210144,73.0,73,0.9459753720658639,1.417427659034729,0.7501015067100525,11600,6768387
2022-01-15,81,378.6907486319542,8563.52519416809,129.0,71,1.2016995208165164,2.405667781829834,0.6790701746940613,10855,4914516
2022-01-16,169,765.8677067756653,12539.965980529785,111.0,111,1.3170969928597827,1.572387933731079,0.944318413734436,17829,9939163
2022-01-17,130,586.5803883075714,8586.376054763794,58.0,58,1.0220284609651287,1.48829984664917,0.699976921081543,12643,7612435
2022-01-18,161,737.5433149337769,13906.031219482422,173.0,152,1.250708815423382,1.6615585088729858,0.7207707166671753,18943,9571579
2022-01-19,111,514.7477444410324,9285.201225280762,103.0,103,1.3253954446441487,1.4798717498779297,1.1145386695861816,12846,6680216
2022-01-20,111,482.3664526939392,6710.92328453064,26.0,24,1.0651370914006735,1.6691911220550537,0.8187205195426941,10059,6259983
2022-01-21,124,566.6549762487411,10771.150472640991,143.0,86,1.3211548242682243,1.960639238357544,0.758361279964447,14294,7353850
2022-01-22,103,465.38623160123825,6994.842215061188,63.0,63,0.9254072469451682,1.4772000312805176,0.6993612051010132,10163,6039620
2022-01-23,65,290.6612230539322,5456.820898532867,60.0,60,1.1933225669623002,1.6158373355865479,0.8120165467262268,7443,3772100
2022-01-24,133,604.6053636670113,11694.400480747223,191.0,97,1.2307919543724994,1.7035952806472778,0.8519092798233032,15669,7846357
2022-01-25,148,672.8490104675293,14596.395690917969,197.0,144,1.6113885226702844,2.157226085662842,1.2584898471832275,18942,8731999
2022-01-26,111,511.504303842783,9250.949448108673,94.0,94,1.2062727654157368,1.5687671899795532,0.8190823793411255,12706,6638124
2022-01-27,106,487.24992087483406,11659.650950431824,182.0,104,1.3935476523415133,2.5997731685638428,0.7028048038482666,14643,6323359
2022-01-28,112,516.5229516029358,9323.812326669693,99.0,99,1.2523994704158468,1.5282039642333984,1.0763099193572998,12832,6615630
2022-01-29,167,766.5888316631317,15958.569910049438,165.0,165,1.397506967519545,1.6202977895736694,0.9244776368141174,21083,9948522
2022-01-30,30,136.74186021089554,2275.868016242981,21.0,21,1.147187776056335,1.6249173879623413,0.8556656837463379,3226,1774588
2022-01-31,107,474.66365563869476,7843.719108581543,93.0,93,1.142529752448525,1.5210237503051758,0.7971106767654419,11143,6160019
2022-02-01,80,368.40112352371216,8236.932168960571,99.0,71,1.1722182445521891,2.209902048110962,0.6930316090583801,10527,4780981
2022-02-02,87,391.8995201587677,7352.033351898193,76.0,76,1.0615641975782275,1.533275842666626,0.7405852675437927,10024,5085935
2022-02-03,100,461.0469886660576,7917.822514057159,71.0,71,1.254875898625867,1.5262165069580078,0.9024592638015747,11062,5983307
2022-02-04,87,393.3472514152527,7369.142113685608,70.0,70,1.3863308058348378,1.6238704919815063,0.9586337208747864,10053,5104723
2022-02-05,48,217.55078503489494,2478.9341135025024,6.0,6,0.8706055744450244,1.1410369873046875,0.7277189493179321,3876,2823298
2022-02-06,113,522.9226324558258,9251.68709564209,89.0,89,1.020973196347783,1.584272027015686,0.7821487188339233,12823,6786307
2022-02-07,105,485.51047390699387,8556.50676727295,97.0,97,1.166311022156022,1.4906026124954224,0.8650535941123962,11900,6300785
2022-02-08,93,432.41757518053055,8360.566386699677,91.0,91,1.133048095731502,1.6251795291900635,0.6452435851097107,11282,5611764
2022-02-09,98,454.1553370952606,7043.1471118927,51.0,51,1.0015843867580845,1.5853973627090454,0.7125269770622253,10047,5893869
2022-02-10,36,158.71648198366165,2670.24219417572,27.0,27,1.098742135447624,1.5191911458969116,0.8913167715072632,3771,2059767
2022-02-11,109,502.3832687139511,9444.983131408691,104.0,104,1.1206851916308862,1.5824058055877686,0.7688937187194824,12869,6519754
2022-02-12,120,549.6108911633492,8744.0515127182,93.0,93,1.0458200945948997,1.3617817163467407,0.7206575870513916,12547,7132658
2022-02-13,74,332.1722973585129,4904.8945479393005,48.0,48,1.0483191636452798,1.2572017908096313,0.8232392072677612,7222,4310816
2022-02-14,66,303.6610573530197,3960.5797872543335,15.0,15,0.9522984386874687,1.3604681491851807,0.6893777251243591,5990,3940807
2022-02-15,104,467.79416209459305,9254.664678573608,104.0,97,1.1364684527633242,1.6631910800933838,0.7290636897087097,12403,6070869
2022-02-16,34,150.23682543635368,2014.3420181274414,6.0,6,1.1154876572306325,1.4532029628753662,0.8135299682617188,3031,1949721
2022-02-17,49,224.40334296226501,4160.401371002197,44.0,44,1.2313816509270543,1.5802934169769287,0.8072202801704407,5698,2912228
2022-02-18,18,79.73708534240723,1118.360336303711,9.0,9,0.8961206557153241,1.3265920877456665,0.7224891781806946,1636,1034800
2022-02-19,101,463.8124141693115,9213.195793151855,100.0,100,1.4360131355827863,1.5816081762313843,1.1896777153015137,12360,6019195
2022-02-20,19,82.62543869018555,1215.9497299194336,12.0,12,0.931670984061356,1.2623828649520874,0.8037147521972656,1783,1072284
2022-02-21,51,240.84859776496887,3450.1192812919617,30.0,30,0.915248895535831,1.245897650718689,0.7591268420219421,5088,3125649
2022-02-22,51,230.57702440023422,4517.322182178497,44.0,44,1.2259846580526177,1.6068830490112305,0.8019558191299438,6053,2992348
2022-02-23,167,764.7837957441807,13973.547506332397,143.0,143,1.2055580965978314,1.505871057510376,0.7355341911315918,19213,9925097
2022-02-24,55,240.11889219284058,4067.393524169922,44.0,44,1.1577341813314594,1.5646798610687256,0.8617882132530212,5729,3116179
2022-02-25,59,253.17210561037064,4522.885725021362,48.0,48,1.3237942908676634,1.4455968141555786,0.7822715044021606,6276,3285579
2022-02-26,140,624.9527659416199,10308.10955619812,88.0,88,1.125562437434055,1.5474294424057007,0.8202453851699829,14582,8110418
2022-02-27,95,434.4893537759781,7493.143210411072,87.0,87,1.234266799821114,1.52881920337677,0.7747591137886047,10494,5638651
2022-02-28,76,342.64878487586975,4737.823448181152,24.0,24,1.005569104963657,1.3423393964767456,0.8461688160896301,7099,4446776
2022-03-01,48,219.66927826404572,3056.7158370018005,21.0,21,0.9783071890812421,1.351061463356018,0.8036743998527527,4570,2850791
2022-03-02,106,481.81734842061996,6880.2442536354065,61.0,61,1.0469205235482333,1.3090232610702515,0.8018383383750916,10210,6252857
2022-03-03,82,363.5460156202316,5089.712421417236,27.0,27,1.0233829965694403,1.5610029697418213,0.8208962678909302,7552,4717973
2022-03-04,50,222.82985973358154,2802.8399753570557,9.0,9,1.001206632944521,1.3276275396347046,0.793402373790741,4311,2891808
2022-03-05,47,210.28752732276917,2585.96781539917,4.0,4,0.8492231890095007,1.1857136487960815,0.7690001726150513,3987,2729038
2022-03-06,31,133.0841076374054,1491.1542234420776,1.0,1,0.8844820208696628,1.206845760345459,0.6779579520225525,2344,1727119
2022-03-07,54,243.07374107837677,3015.6992416381836,,,0.9780163048487395,1.2893929481506348,0.6864961385726929,4655,3154526
2022-03-08,47,207.09542828798294,2504.5064725875854,,,0.8480281030685133,1.0945769548416138,0.6975180506706238,3898,2687612
2022-03-09,98,438.6841142773628,6026.05041217804,30.0,30,1.0533258953950948,1.2830665111541748,0.7286379933357239,9055,5693089
2022-03-10,213,973.9693775177002,12796.890106201172,15.0,15,1.01669908419551,1.2655041217803955,0.7900112271308899,19506,12639834
2022-03-11,186,850.4384031295776,10235.669128417969,6.0,6,0.9624635132862905,1.390844464302063,0.8422669172286987,16006,11036692
2022-03-12,148,678.1051408648491,8569.586579799652,8.0,8,1.0219680310372523,1.3615000247955322,0.8761239647865295,13228,8800211
2022-03-13,205,927.6582885980606,12987.467119216919,87.0,87,1.0367276686848919,1.3333842754364014,0.7890452146530151,19424,12038825
2022-03-14,93,418.4298366308212,7129.8008489608765,87.0,87,1.1827563484911996,1.4214521646499634,0.8350275754928589,10048,5430236
2022-03-15,185,850.819947719574,16145.262573242188,181.0,181,1.3309770606899003,1.5614252090454102,0.8950589895248413,21968,11041644
2022-03-16,102,472.2302724123001,8261.964695930481,101.0,101,1.3422608768986752,1.3677489757537842,1.2867401838302612,11553,6128439
2022-03-17,167,772.7056174278259,14305.848457336426,165.0,165,1.1013307380342523,1.4652174711227417,0.8454697132110596,19644,10027903
2022-03-18,142,640.3280860185623,10239.881728172302,128.0,128,1.0812673018782728,1.3710026741027832,0.6634306311607361,14678,8309954
2022-03-19,82,379.18505573272705,6669.935651779175,72.0,72,1.0417516350441112,1.4070520401000977,0.7043928503990173,9301,4920931
2022-03-20,220,1002.4072769880295,17468.60905456543,204.0,204,1.0888540126285908,1.4421123266220093,0.7643759250640869,24435,13008891
2022-03-21,97,439.5113840699196,7911.3712458610535,88.0,88,1.207272641988094,1.513164758682251,0.6122464537620544,10933,5703825
2022-03-22,101,459.69314765930176,8588.407913208008,96.0,96,1.310907908065632,1.5764135122299194,0.7803769111633301,11741,5965737
2022-03-23,122,558.095814883709,9113.045558929443,90.0,90,1.1226342857502032,1.4872310161590576,0.6197071075439453,12881,7242772
2022-03-24,116,531.5940823554993,10189.62001132965,112.0,112,1.400304552135151,1.6145310401916504,0.8871778249740601,13824,6898842
2022-03-25,140,634.2867645025253,12214.703034877777,165.0,126,1.370552861060968,1.6863476037979126,0.973674476146698,16530,8231552
2022-03-26,59,266.0486932992935,5089.54409122467,53.0,53,1.2773062532022708,1.5854451656341553,0.8656238913536072,6902,3452687
2022-03-27,91,412.74788349866867,7693.852868080139,84.0,84,1.23978249122038,1.5485349893569946,0.7985916137695312,10517,5356498
2022-03-28,172,784.8078773617744,13858.363053798676,163.0,163,1.3391880762497634,1.6248524188995361,0.8153690695762634,19291,10184962
2022-03-29,169,762.2535357773304,13737.898600578308,147.0,147,1.4020528336786753,1.6308867931365967,0.8256599307060242,18949,9892260
2022-03-30,177,800.9739651679993,14110.56118774414,165.0,165,1.271654021493852,1.4790607690811157,0.8540457487106323,19679,10394760
2022-03-31,132,598.6426504552364,11206.610123634338,127.0,127,1.281624969667469,1.585899829864502,0.8215579390525818,15326,7768975
2022-04-01,108,495.1886405944824,9820.57689857483,128.0,94,1.3347089946982174,1.8570152521133423,0.7736960649490356,13126,6426385
2022-04-02,106,491.1043851971626,8706.907818317413,103.0,103,1.1155794678270219,1.4355087280273438,0.7406144142150879,12115,6373381
2022-04-03,100,453.6728084683418,7559.425682067871,78.0,78,1.335367147239879,1.586827278137207,0.6454179286956787,10536,5887607
2022-04-04,134,612.1716153025627,11762.091555595398,165.0,130,1.4077468191262381,1.6931904554367065,1.1543153524398804,15934,7944549
2022-04-05,87,394.82886630296707,7553.032891750336,77.0,77,1.3152125100832572,1.627342939376831,0.8029586672782898,10242,5123951
2022-04-06,21,94.96225929260254,1463.602783203125,19.0,19,1.199905514717102,1.2188217639923096,1.1809892654418945,2131,1232387
2022-04-07,152,695.4962023496628,11743.310419082642,140.0,140,1.184603829738785,1.3648749589920044,0.7930163741111755,16606,9025907
2022-04-08,95,431.0374369621277,8288.599250793457,90.0,90,1.3749893369240764,1.5747604370117188,0.9177764058113098,11234,5593853
2022-04-09,169,763.6188726425171,13463.780654907227,162.0,162,1.359770564954203,1.5211848020553589,1.2050631046295166,18771,9909979
2022-04-10,120,554.0628734230995,7775.129806518555,69.0,69,1.1408559786484342,1.4380881786346436,0.6669614315032959,11379,7190434
2022-04-11,160,729.4143002033234,12744.321166038513,153.0,153,1.3196516247882872,1.5871832370758057,1.1529896259307861,17816,9466084
2022-04-12,93,427.6487166285515,8060.816111564636,90.0,90,1.0088458534920879,1.5350894927978516,0.6722978353500366,10995,5549876
2022-04-13,56,255.13017106056213,4561.90664100647,52.0,52,1.2170724133941997,1.4400242567062378,0.9901350140571594,6329,3310990
2022-04-14,116,531.3561310470104,9745.926845550537,111.0,111,1.4241547559360976,1.5110856294631958,0.8081796169281006,13413,6895754
2022-04-15,148,679.6905918121338,12607.426696777344,145.0,145,1.4398628071291772,1.5428537130355835,1.382614016532898,17301,8820787
2022-04-16,137,627.097804069519,9946.433071136475,108.0,108,1.113672353605644,1.3603298664093018,0.7467270493507385,14338,8138256
2022-04-17,88,399.3208144903183,7244.668412208557,83.0,83,1.3836348254456061,1.5265603065490723,1.117178201675415,10004,5182246
2022-04-18,71,316.1666405200958,4893.376056671143,42.0,42,1.0581751966819624,1.4865589141845703,0.6956406831741333,7071,4103100
2022-04-19,100,452.39900863170624,7260.716268539429,65.0,65,1.036269052218092,1.476610541343689,0.8295257687568665,10376,5871076
2022-04-20,105,473.64728820323944,7091.43590927124,85.0,85,1.052184153954745,1.3234437704086304,0.7132804989814758,10332,6146829
2022-04-21,57,258.3276666998863,3831.792751312256,28.0,28,1.0001897428605266,1.3138443231582642,0.8011319637298584,5619,3352486
2022-04-22,111,502.09866631031036,9111.52451467514,103.0,103,1.1392395176665377,1.6161623001098633,0.7832520604133606,12581,6516061
2022-04-23,156,710.7996300458908,12411.384447097778,147.0,147,1.191512245433279,1.4897089004516602,0.7148588299751282,17360,9224509
2022-04-24,132,597.6374778747559,10018.826919555664,109.0,109,1.3184176239894352,1.5165777206420898,0.9519851803779602,14180,7755930
2022-04-25,66,300.99733579158783,5781.5357875823975,56.0,56,1.2656996935241183,1.5792555809020996,0.8124622702598572,7823,3906238
2022-04-26,140,624.6849670410156,11230.122828483582,125.0,125,1.2526839588025664,1.6254018545150757,0.5719391703605652,15544,8106943
2022-04-27,16,75.9350893497467,1071.6025323867798,5.0,5,1.044386687819528,1.3221207857131958,0.6556951999664307,1595,985459
2022-04-28,147,672.150730073452,13161.979366779327,143.0,143,1.4593463549951633,1.6475714445114136,1.2040252685546875,17734,8722937
2022-04-29,148,675.5995831489563,11782.775177001953,140.0,140,1.2903628054621945,1.4626173973083496,1.0529760122299194,16485,8767695
2022-04-30,61,272.7178619503975,4722.541566371918,53.0,53,1.2292308053050192,1.7500834465026855,0.8031298518180847,6612,3539237
2022-05-01,289,1327.0812721252441,16632.044109344482,119.0,119,0.950898510294518,1.4090505838394165,0.581602156162262,24555,17222397
2022-05-02,154,707.2093234062195,12897.884662628174,151.0,151,1.3383264313465963,1.437484622001648,1.1163222789764404,17798,9177915
2022-05-03,68,312.76926201581955,6165.701037406921,64.0,64,0.980910745086025,1.6164675951004028,0.7308529019355774,8278,4059010
2022-05-04,83,380.01078486442566,6365.025157928467,75.0,75,1.1261318062519527,1.5053831338882446,0.7893726825714111,8997,4931647
2022-05-05,73,323.8228642940521,5748.497543334961,56.0,56,1.28573147948587,1.502880334854126,1.0394071340560913,7987,4202460
2022-05-06,70,316.5369801521301,6221.255508422852,64.0,64,1.400604013026917,1.5719597339630127,1.0903301239013672,8371,4107906
2022-05-07,133,605.3329238891602,10329.179336547852,127.0,127,1.3346213428511828,1.4022409915924072,1.1401252746582031,14555,7855799
2022-05-08,33,148.1510112285614,2483.2967224121094,28.0,28,1.1522241421543313,1.3224339485168457,0.7897047400474548,3518,1922652
2022-05-09,147,676.5996740460396,12170.810842514038,136.0,136,1.150624374063248,1.5097025632858276,0.9065878987312317,16858,8780674
2022-05-10,50,229.16530442237854,4251.810886383057,47.0,47,1.2732473010459266,1.529883623123169,0.9548478126525879,5830,2974027
2022-05-11,117,530.3215717971325,9390.587808609009,104.0,104,1.2749821677688118,1.5032172203063965,0.7403433322906494,13003,6882328
2022-05-12,42,186.91225945949554,3381.353609085083,36.0,36,1.2415622562054698,1.4556571245193481,0.9511035680770874,4674,2425682
2022-05-13,194,878.4864000678062,15110.829919815063,184.0,184,1.3296674283898062,1.4827089309692383,1.16340172290802,21242,11400689
2022-05-14,74,333.5426564216614,5212.666282653809,65.0,65,1.1978127804124896,1.50896155834198,0.7345082759857178,7522,4328600
2022-05-15,103,464.73027753829956,7960.302520751953,96.0,96,1.3005146532280214,1.4360666275024414,1.2149046659469604,11207,6031107
2022-05-16,95,435.8448427915573,7989.632453918457,90.0,90,1.2672574926114724,1.5423619747161865,0.9336103796958923,10994,5656242
2022-05-17,156,709.7374132871628,12545.50386428833,149.0,149,1.261218938232603,1.5052461624145508,0.8678733706474304,17481,9210724
2022-05-18,97,441.6036854982376,8397.59831237793,94.0,94,1.4728517413389652,1.5464402437210083,1.3850589990615845,11428,5730978
2022-05-19,116,527.2382678389549,10018.30794429779,109.0,109,1.3654939721063415,1.534393072128296,0.8137832880020142,13633,6842314
2022-05-20,183,830.9582142829895,14300.719509124756,173.0,173,1.2246517988767933,1.4459644556045532,0.9475771188735962,20102,10783885
2022-05-21,155,710.0527987480164,11960.868015289307,144.0,144,1.197884845065768,1.4313064813613892,0.8265088200569153,16914,9214817
2022-05-22,72,326.93107411265373,5655.7698402404785,69.0,69,1.1411919825482382,1.4624290466308594,0.6604903936386108,7934,4242797
2022-05-23,73,328.62651014328003,5441.325925827026,64.0,64,1.1397046887147566,1.5508108139038086,0.7215589284896851,7691,4264800
2022-05-24,37,162.25641119480133,2714.582815170288,32.0,32,1.2219983899910545,1.488565444946289,0.6969674825668335,3846,2105707
2022-05-25,89,403.22251892089844,7888.828582763672,85.0,85,1.4407446359464546,1.601434588432312,1.2650279998779297,10635,5232881
2022-05-26,127,580.2719041109085,11163.528349876404,123.0,123,1.4022379826783442,1.6293432712554932,1.19133722782135,15128,7530566
2022-05-27,98,452.01835337281227,8039.361320018768,95.0,95,1.0949223478100925,1.4425976276397705,0.7672587037086487,11173,5866136
2022-05-28,154,706.0356796383858,11634.05430650711,146.0,146,1.2285068397566248,1.339089274406433,0.7807512879371643,16581,9162684
2022-05-29,18,81.11484092473984,881.5611066818237,1.0,1,0.9447149256675189,1.719595193862915,0.661766529083252,1365,1052680
2022-05-30,117,530.5886377096176,9986.187107086182,104.0,104,1.2233638523978976,1.5979074239730835,0.8354737758636475,13616,6885794
2022-05-31,50,219.53189098834991,4062.7494773864746,43.0,43,1.3397865417980952,1.5446629524230957,1.0291122198104858,5576,2849008
2022-06-01,125,567.5185906291008,10328.108446121216,120.0,120,1.2462445883068813,1.5590711832046509,0.6273771524429321,14248,7365058
2022-06-02,89,400.84292221069336,7676.774021148682,84.0,84,1.3764205098118623,1.591817021369934,1.141737937927246,10419,5201999
2022-06-03,97,444.1787223815918,8324.858362197876,92.0,92,1.1605745179806994,1.5274622440338135,0.8489620089530945,11373,5764396
2022-06-04,73,336.1834297180176,6204.606740951538,71.0,71,1.3336736519206367,1.468306303024292,0.8616777062416077,8526,4362871
2022-06-05,148,668.6361474990845,10456.303326129913,108.0,108,1.210100177740387,1.5307499170303345,0.6048256754875183,15085,8677326
2022-06-06,92,413.8688401579857,7454.584364891052,85.0,85,1.4198066375855047,1.5645983219146729,0.948620617389679,10317,5371045
2022-06-07,83,380.266748547554,7360.490700721741,80.0,80,1.2842367366214176,1.5413898229599,0.9127881526947021,9957,4934969
2022-06-08,99,452.1155853867531,6793.526971340179,72.0,72,1.032593686462822,1.4903290271759033,0.6168760657310486,9753,5867398
2022-06-09,64,293.1480484008789,5621.666656494141,63.0,63,1.4787967775240858,1.5287452936172485,1.22804856300354,7629,3804373
2022-06-10,88,400.6823071837425,7269.1723556518555,83.0,83,1.3304006322582258,1.5669234991073608,1.0242483615875244,10038,5199915
2022-06-11,177,808.4374774098396,12880.975469589233,146.0,146,1.1564686029737044,1.3194031715393066,0.895678699016571,18550,10491619
2022-06-12,113,517.0058323144913,9057.51513004303,109.0,109,1.2865470064847506,1.4489456415176392,1.147788166999817,12659,6709521
2022-06-13,90,406.53183579444885,6788.4386949539185,85.0,85,1.201529908552954,1.336182951927185,0.7354221343994141,9633,5275828
2022-06-14,92,409.7101593017578,7566.276344299316,88.0,86,1.3572537383555874,1.690246820449829,1.0210355520248413,10488,5317075
2022-06-15,213,978.9305319786072,16537.66792488098,207.0,207,1.2687984464799644,1.4511725902557373,0.9602031707763672,23382,12704218
2022-06-16,187,856.5713054537773,14036.54800415039,179.0,179,1.1597060954799623,1.359216570854187,0.6482728719711304,20039,11116283
2022-06-17,188,865.82307523489,13443.199295520782,178.0,178,1.1517447414611723,1.3081295490264893,0.6608433127403259,19484,11236349
2022-06-18,189,867.9931313991547,13347.985785484314,150.0,150,1.0398828819352643,1.3107365369796753,0.6723855137825012,19404,11264511
2022-06-19,284,1291.9955995082855,21457.450706481934,244.0,244,1.1709993136384382,1.5621861219406128,0.8728153109550476,30457,16767067
2022-06-20,109,487.77818286418915,7565.468044281006,85.0,85,1.0977617068937393,1.319620966911316,0.8702101111412048,10981,6330215
2022-06-21,125,568.4524593353271,9382.283813476562,120.0,120,1.2662144067134176,1.3247737884521484,1.1778740882873535,13368,7377177
2022-06-22,81,365.3024835586548,5320.09761428833,45.0,45,0.9853804242132314,1.3439135551452637,0.7021172046661377,7805,4740768
2022-06-23,58,263.44122898578644,3199.5795431137085,1.0,1,0.9558677750110973,1.3386178016662598,0.6894503235816956,4984,3418848
2022-06-24,158,721.9566349983215,11230.134174346924,95.0,95,1.0279701704736233,1.5061007738113403,0.7031813263893127,16183,9369301
2022-06-25,40,171.25379967689514,2095.2030668258667,1.0,1,0.9750166390548122,1.619260311126709,0.7840245366096497,3234,2222472
2022-06-26,80,368.29379761219025,4306.277374267578,,,0.8351093486144883,1.0124456882476807,0.7371566891670227,6717,4779588
2022-06-27,45,201.1247844696045,3272.238868713379,33.0,33,0.8983215925338944,1.3617075681686401,0.7777158617973328,4662,2610127
2022-06-28,71,319.3610574603081,5394.259163856506,54.0,54,0.9827973814689699,1.418969750404358,0.7097874283790588,7583,4144556
2022-06-29,160,722.2077866792679,11390.705279827118,140.0,140,1.1182532816910276,1.3469831943511963,0.7869030237197876,16440,9372560
2022-06-30,414,1892.325119972229,30107.490839004517,389.0,389,1.2127382220773981,1.4127534627914429,1.0992392301559448,43388,24557934
2022-07-01,245,1118.0661358833313,15655.143872261047,108.0,108,1.0529261972489377,1.262541651725769,0.8409068584442139,23395,14509871
2022-07-02,245,1110.589788556099,17910.19476890564,202.0,202,1.1794612179702735,1.474717378616333,1.0222907066345215,25679,14412846
2022-07-03,94,432.7049014568329,6496.393445014954,56.0,56,1.0646706756260333,1.3342373371124268,0.769115149974823,9499,5615493
2022-07-04,94,429.7268009185791,5431.169940948486,,,0.9528682821177253,1.1000722646713257,0.8008657097816467,8380,5576844
2022-07-05,42,186.12906749546528,2176.442546606064,,,0.8826195969829387,1.0535242557525635,0.7655481100082397,3419,2415518
2022-07-06,47,203.0513917207718,2754.5517253875732,16.0,16,0.977804172015999,1.295615315437317,0.7911855578422546,4149,2635130
2022-07-07,104,474.04969251155853,7727.3211460113525,83.0,83,1.2109663906166177,1.3257919549942017,0.9834334850311279,11046,6152051
2022-07-08,86,394.95762234926224,6213.652332305908,82.0,82,1.1589356844577545,1.2526662349700928,0.8866314888000488,8986,5125622
2022-07-09,203,924.7626696825027,15488.415846824646,195.0,195,1.1555204894113984,1.353812575340271,0.7144925594329834,21962,12001247
2022-07-10,223,1014.1586241722107,15440.908545732498,198.0,198,1.0826214191344063,1.3770381212234497,0.6165269613265991,22456,13161396
2022-07-11,57,257.3268692493439,4167.987321853638,54.0,54,1.1297214622224396,1.2833868265151978,0.793218195438385,5971,3339498
2022-07-12,182,834.1584065556526,12462.329142570496,135.0,135,1.079063454148092,1.304724931716919,0.733971118927002,18283,10825416
2022-07-13,38,174.57536834478378,2698.3421478271484,30.0,30,0.9773602671439183,1.3645033836364746,0.6547900438308716,3917,2265578
2022-07-14,147,678.8448414802551,11001.042617797852,137.0,137,1.11364046803991,1.471632719039917,0.7608373761177063,15753,8809811
2022-07-15,221,1010.3415069580078,16636.91467475891,192.0,177,1.2221748479637666,1.7110750675201416,0.8587561845779419,23676,13111859
2022-07-16,143,658.4454637765884,12010.33259677887,140.0,140,1.423452204879404,1.5405133962631226,1.3140003681182861,16566,8545075
2022-07-17,355,1632.3425660133362,26327.789058685303,330.0,330,1.158721712344345,1.367412805557251,0.9259425401687622,37773,21183971
2022-07-18,185,848.2284501194954,14000.39247751236,177.0,177,1.0604664358671334,1.3746556043624878,0.6742408871650696,19936,11008012
2022-07-19,177,805.9133058786392,12594.247643470764,77.0,77,1.1776672549223695,1.6079111099243164,0.9301472902297974,18216,10458861
2022-07-20,218,999.0265381634235,16320.945481300354,201.0,201,1.1286711189515968,1.3141833543777466,0.8671321272850037,23316,12965017
2022-07-21,104,473.544125020504,8142.281227111816,99.0,99,1.09857374538105,1.422029733657837,0.6582548022270203,11446,6145490
2022-07-22,123,556.9134588241577,8957.450744628906,101.0,101,1.228278223828931,1.3852591514587402,0.8697494864463806,12856,7227428
2022-07-23,168,767.0476526916027,12761.517453193665,152.0,152,1.3662520007403094,1.7049022912979126,0.8590214252471924,18105,9954476
2022-07-24,123,557.4995889663696,9311.688888549805,117.0,117,1.3272205892153732,1.410593032836914,1.1943250894546509,13218,7235035
2022-07-25,165,750.0025852918625,11659.53657245636,138.0,138,1.2166403873603606,1.3878546953201294,0.9884401559829712,16911,9733271
2022-07-26,219,1007.8310410380363,14677.623571395874,84.0,84,1.1611936409841586,1.4154620170593262,0.9291996955871582,21691,13079279
2022-07-27,194,887.6431798934937,11658.177150726318,39.0,39,0.9266449465526143,1.5050899982452393,0.6026801466941833,17647,11519523
2022-07-28,175,798.5085160136223,11962.488399505615,104.0,104,1.0867795183504732,1.4146015644073486,0.8156543970108032,17548,10362764
2022-07-29,168,766.3404834270477,10314.22761297226,34.0,34,1.0060671579358038,1.230912208557129,0.884904682636261,15623,9945299
2022-07-30,231,1057.428798675537,14747.899017333984,63.0,63,1.0322789943787678,1.3409205675125122,0.7788661122322083,22090,13722941
2022-07-31,180,825.3162070512772,12173.981516838074,111.0,111,1.088030936992298,1.420722484588623,0.5842304229736328,17881,10710665
2022-08-01,128,585.7409497499466,8914.666137695312,86.0,86,1.1187779534065854,1.3508714437484741,0.8002711534500122,12978,7601541
2022-08-02,111,519.6448573470116,8930.535381317139,111.0,111,1.095587320967565,1.4227203130722046,0.6537736654281616,12546,6743769
2022-08-03,125,565.4455925822258,9551.495554924011,117.0,117,1.2850254452331518,1.5578540563583374,0.6865615844726562,13502,7338155
2022-08-04,96,434.78903245925903,6367.959665298462,41.0,41,1.179876945079895,1.7309125661849976,0.956530749797821,9401,5642540
2022-08-05,152,705.5991580188274,12445.493078231812,151.0,151,1.3650336322329688,1.5558756589889526,1.2097710371017456,17357,9157019
2022-08-06,149,682.8706188201904,12202.861345291138,146.0,146,1.2736314082188926,1.4619780778884888,1.0297654867172241,16945,8862056
2022-08-07,171,783.7965507507324,12982.97621679306,166.0,166,1.201118597233117,1.4307646751403809,0.8375793099403381,18463,10171838
2022-08-08,88,399.70881366729736,7243.8241930007935,84.0,83,1.2208814515022588,1.7884951829910278,0.8243314623832703,10009,5187281
2022-08-09,111,506.0800151824951,8807.208679199219,107.0,107,1.27976160813923,1.4209835529327393,1.1492921113967896,12334,6567729
2022-08-10,107,481.6237026453018,8439.54274225235,102.0,102,1.3410774735677302,1.3927007913589478,1.1984076499938965,11797,6250344
2022-08-11,228,1054.3559730052948,17764.58539581299,225.0,225,1.2463279511407872,1.35379159450531,0.9218994379043579,25147,13683063
2022-08-12,134,616.6075439453125,9221.880844116211,98.0,98,1.1533567350302942,1.2953481674194336,0.6538510918617249,13436,8002117
2022-08-13,481,2212.287628173828,27904.561248779297,189.0,189,0.9288230686580181,1.266968011856079,0.6153527498245239,42030,28710295
2022-08-14,231,1070.4288350343704,14652.502835273743,143.0,143,1.0766776082716156,1.4558130502700806,0.6178185343742371,21325,13891651
2022-08-15,54,244.08564400672913,4140.913949012756,51.0,51,1.117694588168876,1.4210736751556396,0.8492317795753479,5844,3167658
2022-08-16,271,1248.024809896946,19392.005516052246,236.0,236,1.1621914018399373,1.2672665119171143,0.8363502025604248,28155,16196429
2022-08-17,181,830.0420913696289,12202.98076915741,99.0,99,1.119594474288326,1.3094156980514526,0.7901744842529297,17962,10771996
2022-08-18,137,628.0731806755066,9701.484756469727,100.0,100,1.1439204969491399,1.3774759769439697,0.8900613188743591,14095,8150914
2022-08-19,190,865.763356924057,14888.925566196442,182.0,182,1.2194744221365847,1.4039753675460815,0.7793443202972412,20930,11235574
2022-08-20,120,549.0358266830444,8501.592262268066,79.0,79,1.0830162344647114,1.390903115272522,0.7184615731239319,12338,7125195
2022-08-21,147,676.8226968050003,10954.889550685883,115.0,115,1.0936003441970592,1.4809339046478271,0.71836256980896,15464,8783568
2022-08-22,104,465.94031393527985,8337.062871932983,96.0,96,1.0983789243223963,1.4655829668045044,0.7142555117607117,11561,6046810
2022-08-23,156,706.3267003297806,12102.262118339539,141.0,141,1.2962399118809111,1.6334213018417358,0.8540909290313721,17016,9166461
2022-08-24,220,1006.9839009642601,16913.880778312683,214.0,214,1.298114466659817,1.3649139404296875,1.2478561401367188,23966,13068285
2022-08-25,265,1218.146960735321,20159.285352230072,249.0,249,1.250175019525804,1.3657339811325073,1.010585904121399,28692,15808685
2022-08-26,148,674.2199876904488,11336.631434440613,142.0,142,1.1183020142445468,1.4044686555862427,0.7933275699615479,16049,8749791
2022-08-27,155,701.0604934692383,11246.881879329681,139.0,139,1.2137967956026179,1.3402702808380127,0.8035117983818054,16153,9098118
2022-08-28,115,523.4690397381783,8457.059126853943,108.0,108,1.02331786527515,1.3019399642944336,0.7491251826286316,12120,6793398
2022-08-29,309,1422.8427629470825,22267.473390102386,199.0,199,1.1853261339232213,1.3402907848358154,1.0229582786560059,32227,18465156
2022-08-30,128,586.2742523252964,9286.654204845428,100.0,100,1.1126781646080444,1.3304443359375,0.7699460387229919,13386,7608462
2022-08-31,149,680.7966867685318,11469.681115150452,141.0,141,1.1986551585847511,1.4505553245544434,0.7928903102874756,16225,8835141
2022-09-01,122,548.443981051445,9212.92236328125,114.0,113,1.3790439708474649,3.084954261779785,0.9496684670448303,13050,7117514
2022-09-02,145,662.354336887598,11490.135890483856,139.0,139,1.4377397299257548,2.341623306274414,0.7454860806465149,16091,8595803
2022-09-03,128,582.647923707962,9260.587119579315,111.0,111,1.144858080596361,1.3676962852478027,0.6383985280990601,13308,7561401
2022-09-04,143,655.7131719589233,10280.254301071167,100.0,100,1.6483539443903976,2.1832337379455566,1.0208542346954346,14872,8509616
2022-09-05,130,598.5292516946793,10186.155696868896,126.0,126,1.1326582963344056,1.4380236864089966,0.7994924783706665,14369,7767503
2022-09-06,132,585.7034314870834,9411.211738586426,85.0,85,1.1564607599398202,1.4796117544174194,0.8563675284385681,13491,7601054
2022-09-07,66,297.11089021506075,5248.623592585619,61.0,61,1.0595484514951823,1.4101778268814087,0.7103983163833618,7302,3855801
2022-09-08,97,442.40877011111115,7683.2251949405345,92.0,92,1.1334495506868494,1.3621884525405026,0.8530063562313748,10767,5741426
2022-09-09,226,1038.9388226666667,15495.474416380086,122.0,122,1.1433379338426126,1.3196295773474704,0.8177178593450705,22747,13482984
2022-09-10,125,574.202203611111,9579.025629971913,123.0,123,1.2787259907731883,1.3318688709759763,1.1554424307575437,13599,7451795
2022-09-11,114,520.6933617777777,8759.592246126209,107.0,107,1.2839972399099007,1.3567093522618063,1.0531201578140303,12403,6757376
2022-09-12,112,516.3076677777777,8480.119511709836,104.0,104,1.0981314935469801,1.3979415156524686,0.7568316986745804,12073,6700460
2022-09-13,88,404.2713557777778,6843.542525259943,85.0,85,1.1431924315393163,1.5042415999429473,0.6823587652319479,9667,5246492
2022-09-14,69,304.5364238333333,5789.526551452248,62.0,62,1.2300434052155427,1.5859436864777106,0.9141664326592561,7875,3952167
2022-09-15,119,541.2054736111111,9342.163553216387,114.0,114,1.2386186782665254,1.3884077353636441,0.8180956319076228,13118,7023575
2022-09-16,104,475.1006683333333,7936.312020049627,99.0,99,1.1069346212269913,1.4143588100238207,0.6244612464265745,11248,6165690
2022-09-17,98,442.77470694444446,8064.610315222403,92.0,92,1.1965873582864783,1.554246040244312,0.740061312089789,11125,5746175
2022-09-18,118,527.9214811111112,8109.262636558857,97.0,97,1.0431466126444529,1.3512844666156996,0.7345575046937813,11799,6851180
2022-09-19,71,328.0841392777778,5632.693389499627,57.0,57,1.1412578149616166,1.4900504896865763,0.7564603979826877,7898,4257761
2022-09-20,119,539.8827379444444,8642.46625489618,109.0,109,1.1100251992847,1.3085622878058338,0.7994436913526506,12425,7006409
2022-09-21,268,1228.020673,20542.709600779715,240.0,240,1.2321572701167347,1.3842067064929064,0.843043651824513,29133,15936822
2022-09-22,152,692.932177611111,10380.99525217524,82.0,82,1.09667124390144,1.2567691526032696,0.8279379999340662,15241,8992631
2022-09-23,275,1263.3382392777776,19128.17624259634,239.0,239,1.1147427107376602,1.3063760486152496,0.6034648372348961,27695,16395161
2022-09-24,113,500.4955595555556,7336.75390316395,82.0,82,1.0175690132090416,1.292165881185944,0.6040951918802447,10687,6495256
2022-09-25,175,795.7260610000002,12985.848417778387,165.0,165,1.0866396101141296,1.3898572036269803,0.6981939433167466,18543,10326654
2022-09-26,377,1729.476807111111,26123.40260475274,279.0,279,1.0643691176884278,1.3762241406943927,0.5970928419438576,37772,22444544
2022-09-27,100,454.31708977777777,6948.2803396463105,86.0,86,1.1025886117292611,1.2719913045233555,0.7089785655028282,10134,5895968
2022-09-28,164,753.8317259999999,13271.889058887771,157.0,157,1.1917282926621813,1.4699547688199657,0.7825229388382082,18501,9782964
2022-09-29,97,446.28844027777774,8377.386526204951,95.0,95,1.4012422189178182,1.5336007772766223,1.0364674087354764,11450,5791775
2022-09-30,159,727.528658,12795.597493631554,153.0,153,1.1540229454073059,1.4415825077422053,0.6566193265681706,17843,9441612
2022-10-01,197,900.9186838333334,15232.172632006932,183.0,182,1.2835068155006821,2.030672273596931,0.8468239666124564,21510,11691807
2022-10-02,160,741.2225860555554,11883.456565367349,141.0,141,1.079040184898805,1.319914413262211,0.8953207798097446,17080,9619327
2022-10-03,53,236.95862455555553,3619.1362914820684,47.0,47,1.0178860799180647,1.2521387946289435,0.6796717844671047,5269,3075166
2022-10-04,151,687.502612,11253.705254340714,142.0,142,1.2014614942860546,1.4876102967395466,0.7891731873372246,16062,8922168
2022-10-05,115,524.2652720555556,9482.23398764704,106.0,106,1.2195169856708887,1.639722238184951,0.7131615154238791,13089,6803731
2022-10-06,97,439.25033994444436,8023.766167273611,91.0,91,1.2091028551464211,1.5353266196519626,0.721446990534855,11046,5700437
